"0","# Import the data"
"0","bthr <- read.csv(""bodytempandheartrate.csv"")"
"0",""
"0","# Convenience variables"
"0","temp <- bthr$T"
"0","hr <- bthr$HR"
"0","sex <- bthr$MF"
"0","temp_m <- temp[sex == 1]"
"0","temp_f <- temp[sex == 2]"
"0","hr_m <- hr[sex == 1]"
"0","hr_f <- hr[sex == 2]"
"0",""
"0","# Calculate confidence intervals"
"0","temp_all_conf <- t.test(temp)$conf.int"
"0","temp_m_conf <- t.test(temp_m)$conf.int"
"0","temp_f_conf <- t.test(temp_f)$conf.int"
"0","hr_all_conf <- t.test(hr)$conf.int"
"0","hr_m_conf <- t.test(hr_m)$conf.int"
"0","hr_f_conf <- t.test(hr_f)$conf.int"
