{"chunk_definitions":[{"chunk_id":"csetup_chunk","chunk_label":"setup","document_id":"2B8BFFD8","expansion_state":0,"options":{"engine":"r","include":false,"label":"setup"},"row":9,"row_count":1,"visible":true},{"chunk_id":"c5atztse3692a","chunk_label":"unnamed-chunk-1","document_id":"2B8BFFD8","expansion_state":0,"options":{"engine":"r","label":"unnamed-chunk-1"},"row":36,"row_count":1,"visible":true}],"chunk_rendered_width":429,"default_chunk_options":{"cache":true,"echo":true},"doc_write_time":1582502999,"working_dir":null}